playerId,Player name,Mat,Inn_bat,Runs_bat,Avg_bat,SR,HS,NO,100s,50s,4s,6s,Inn_bowl,Balls,Runs_bowl,Wkt,BBI,BBM,Eco,Avg_bowl,5W,10W
265,MS Dhoni,98,85,1617,37.6,126.13,56,42,0,2,116,52,0,0,0,0,0,0,0.0,0.0,0,0
7836,Deepak Chahar,20,5,22,0.0,244.44,21,5,0,0,2,1,20,420,579,26,7 / 6,7 / 6,8.27,22.27,1,0
10420,Sam Curran,18,12,97,13.86,149.23,24,5,0,0,6,6,18,306,409,16,28 / 3,28 / 3,8.02,25.56,0,0
11813,Ruturaj Gaikwad,9,8,135,16.88,123.85,57,0,0,1,13,5,0,0,0,0,0,0,0.0,0.0,0,0
6667,Imran Tahir,38,4,19,19.0,105.56,9,3,0,0,1,1,38,845,948,63,23 / 5,23 / 5,6.73,15.05,2,0
1851,Kedar Jadhav,9,6,122,20.33,123.23,58,0,0,1,12,3,0,0,0,0,0,0,0.0,0.0,0,0
9783,Monu Kumar,0,0,0,0.0,0.0,0,0,0,0,0,0,0,0,0,0,0,0,0.0,0.0,0,0
6311,Ambati Rayudu,6,5,42,10.5,84.0,20,1,0,0,5,0,0,0,0,0,0,0,0.0,0.0,0,0
10100,Mitchell Santner,64,44,360,14.4,123.29,37,19,0,0,25,11,63,1298,1576,68,11 / 4,11 / 4,7.29,23.18,0,0
8683,Shardul Thakur,25,6,69,23.0,181.58,22,3,0,0,5,4,24,506,772,33,27 / 4,27 / 4,9.15,23.39,0,0
158,Shane Watson,58,56,1462,29.24,145.33,124,6,1,10,115,83,49,930,1187,48,15 / 4,15 / 4,7.66,24.73,0,0
75,Harbhajan Singh,28,13,108,13.5,124.14,21,5,0,0,11,4,27,612,633,25,12 / 4,12 / 4,6.21,25.32,0,0
413,Suresh Raina,78,66,1604,29.16,134.79,101,11,1,5,145,58,27,349,442,13,6 / 2,6 / 2,7.6,34.0,0,0
242,Dwayne Bravo,91,74,1255,22.02,115.14,66,17,0,4,73,55,77,1505,2036,78,19 / 4,19 / 4,8.12,26.1,0,0
1597,Murali Vijay,9,9,169,18.78,109.74,48,0,0,0,13,8,1,12,9,0,9 / 0,9 / 0,4.5,0.0,0,0
1844,Karn Sharma,1,0,0,0.0,0.0,0,0,0,0,0,0,1,24,28,1,28 / 1,28 / 1,7.0,28.0,0,0
11595,Ravisrinivasan Sai Kishore,0,0,0,0.0,0.0,0,0,0,0,0,0,0,0,0,0,0,0,0.0,0.0,0,0
11595,Ravisrinivasan Sai Kishore,0,0,0,0.0,0.0,0,0,0,0,0,0,0,0,0,0,0,0,0.0,0.0,0,0
11595,Ravisrinivasan Sai Kishore,0,0,0,0.0,0.0,0,0,0,0,0,0,0,0,0,0,0,0,0.0,0.0,0,0
11595,Ravisrinivasan Sai Kishore,0,0,0,0.0,0.0,0,0,0,0,0,0,0,0,0,0,0,0,0.0,0.0,0,0
11595,Ravisrinivasan Sai Kishore,0,0,0,0.0,0.0,0,0,0,0,0,0,0,0,0,0,0,0,0.0,0.0,0,0
11595,Ravisrinivasan Sai Kishore,0,0,0,0.0,0.0,0,0,0,0,0,0,0,0,0,0,0,0,0.0,0.0,0,0
11595,Ravisrinivasan Sai Kishore,0,0,0,0.0,0.0,0,0,0,0,0,0,0,0,0,0,0,0,0.0,0.0,0,0
11595,Ravisrinivasan Sai Kishore,0,0,0,0.0,0.0,0,0,0,0,0,0,0,0,0,0,0,0,0.0,0.0,0,0
11595,R Sai Kishore,0,0,0,0.0,0.0,0,0,0,0,0,0,0,0,0,0,0,0,0.0,0.0,0,0
11595,R Sai Kishore,0,0,0,0.0,0.0,0,0,0,0,0,0,0,0,0,0,0,0,0.0,0.0,0,0
11595,R Sai Kishore,0,0,0,0.0,0.0,0,0,0,0,0,0,0,0,0,0,0,0,0.0,0.0,0,0
11595,R Sai Kishore,0,0,0,0.0,0.0,0,0,0,0,0,0,0,0,0,0,0,0,0.0,0.0,0,0
11595,R Sai Kishore,0,0,0,0.0,0.0,0,0,0,0,0,0,0,0,0,0,0,0,0.0,0.0,0,0
11595,R Sai Kishore,0,0,0,0.0,0.0,0,0,0,0,0,0,0,0,0,0,0,0,0.0,0.0,0,0
11595,R Sai Kishore,0,0,0,0.0,0.0,0,0,0,0,0,0,0,0,0,0,0,0,0.0,0.0,0,0
11595,R Sai Kishore,0,0,0,0.0,0.0,0,0,0,0,0,0,0,0,0,0,0,0,0.0,0.0,0,0
9603,Lungi Ngidi,25,6,11,2.2,40.74,4,1,0,0,0,0,25,500,733,40,19 / 4,19 / 4,8.8,18.32,0,0
11675,Narayan Jagadeesan,0,0,0,0.0,0.0,0,0,0,0,0,0,0,0,0,0,0,0,0.0,0.0,0,0
587,Ravindra Jadeja,60,31,379,23.69,128.47,46,15,0,0,30,9,58,1159,1385,48,15 / 3,15 / 3,7.17,28.85,0,0
6258,Josh Hazlewood,30,6,21,10.5,161.54,13,4,0,0,2,1,30,688,829,46,12 / 4,12 / 4,7.23,18.02,0,0
7825,Faf du Plessis,50,50,1528,35.53,134.39,119,7,1,10,140,50,2,8,3,0,0 / 0,0 / 0,2.25,0.0,0,0
466,Piyush Chawla,7,1,0,0.0,0.0,0,0,0,0,0,0,7,138,151,4,13 / 2,13 / 2,6.57,37.75,0,0
13483,KM Asif,0,0,0,0.0,0.0,0,0,0,0,0,0,0,0,0,0,0,0,0.0,0.0,0,0
9428,Shreyas Iyer,42,38,931,34.48,138.75,74,11,0,6,74,38,1,2,2,0,2 / 0,2 / 0,0.0,0.0,0,0
9781,Avesh Khan,9,1,1,0.0,100.0,1,1,0,0,0,0,8,174,235,8,18 / 4,18 / 4,8.1,29.38,0,0
11307,Tushar Deshpande,0,0,0,0.0,0.0,0,0,0,0,0,0,0,0,0,0,0,0,0.0,0.0,0,0
10484,Praveen Dubey,0,0,0,0.0,0.0,0,0,0,0,0,0,0,0,0,0,0,0,0.0,0.0,0,0
10484,Praveen Dubey,0,0,0,0.0,0.0,0,0,0,0,0,0,0,0,0,0,0,0,0.0,0.0,0,0
10484,Praveen Dubey,0,0,0,0.0,0.0,0,0,0,0,0,0,0,0,0,0,0,0,0.0,0.0,0,0
10484,Praveen Dubey,0,0,0,0.0,0.0,0,0,0,0,0,0,0,0,0,0,0,0,0.0,0.0,0,0
10484,Praveen Dubey,0,0,0,0.0,0.0,0,0,0,0,0,0,0,0,0,0,0,0,0.0,0.0,0,0
10484,Praveen Dubey,0,0,0,0.0,0.0,0,0,0,0,0,0,0,0,0,0,0,0,0.0,0.0,0,0
10484,Praveen Dubey,0,0,0,0.0,0.0,0,0,0,0,0,0,0,0,0,0,0,0,0.0,0.0,0,0
10484,Praveen Dubey,0,0,0,0.0,0.0,0,0,0,0,0,0,0,0,0,0,0,0,0.0,0.0,0,0
10484,Praveen Dubey,0,0,0,0.0,0.0,0,0,0,0,0,0,0,0,0,0,0,0,0.0,0.0,0,0
10484,Praveen Dubey,0,0,0,0.0,0.0,0,0,0,0,0,0,0,0,0,0,0,0,0.0,0.0,0,0
10484,Praveen Dubey,0,0,0,0.0,0.0,0,0,0,0,0,0,0,0,0,0,0,0,0.0,0.0,0,0
10484,Praveen Dubey,0,0,0,0.0,0.0,0,0,0,0,0,0,0,0,0,0,0,0,0.0,0.0,0,0
10484,Praveen Dubey,0,0,0,0.0,0.0,0,0,0,0,0,0,0,0,0,0,0,0,0.0,0.0,0,0
10484,Praveen Dubey,0,0,0,0.0,0.0,0,0,0,0,0,0,0,0,0,0,0,0,0.0,0.0,0,0
10484,Praveen Dubey,0,0,0,0.0,0.0,0,0,0,0,0,0,0,0,0,0,0,0,0.0,0.0,0,0
10484,Praveen Dubey,0,0,0,0.0,0.0,0,0,0,0,0,0,0,0,0,0,0,0,0.0,0.0,0,0
13252,Lalit Yadav,0,0,0,0.0,0.0,0,0,0,0,0,0,0,0,0,0,0,0,0.0,0.0,0,0
11427,Anrich Nortje,21,7,9,1.8,36.0,4,2,0,0,0,0,20,428,510,22,8 / 3,8 / 3,7.15,23.18,0,0
8175,Harshal Patel,17,8,53,10.6,129.27,18,3,0,0,6,2,16,337,482,23,25 / 4,25 / 4,8.58,20.96,0,0
11214,Keemo Paul,21,15,168,21.0,117.48,29,7,0,0,8,11,21,438,652,24,15 / 5,15 / 5,8.93,27.17,1,0
1447,Ajinkya Rahane,20,20,375,20.83,113.29,61,2,0,1,32,6,0,0,0,0,0,0,0.0,0.0,0,0
8181,Mohit Sharma,8,2,3,0.0,42.86,3,2,0,0,0,0,8,138,185,6,28 / 2,28 / 2,8.04,30.83,0,0
8989,Marcus Stoinis,44,35,612,27.82,140.69,78,13,0,1,58,21,23,332,457,13,8 / 2,8 / 2,8.26,35.15,0,0
6534,Jason Roy,61,61,1477,24.21,140.53,78,0,0,8,150,69,0,0,0,0,0,0,0.0,0.0,0,0
6670,Chris Woakes,16,8,98,24.5,148.48,37,4,0,0,4,6,16,327,427,15,23 / 2,23 / 2,7.83,28.47,0,0
702,Ishant Sharma,14,3,8,8.0,88.89,5,2,0,0,1,0,14,278,400,8,34 / 2,34 / 2,8.63,50.0,0,0
1454,Amit Mishra,10,1,0,0.0,0.0,0,0,0,0,0,0,10,228,240,16,24 / 3,24 / 3,6.32,15.0,0,0
12094,Prithvi Shaw,1,1,0,0.0,0.0,0,0,0,0,0,0,0,0,0,0,0,0,0.0,0.0,0,0
13162,Daniel Sams,7,5,72,24.0,189.47,41,2,0,0,6,4,7,125,210,4,40 / 2,40 / 2,10.08,52.5,0,0
9585,Kagiso Rabada,44,17,130,26.0,116.07,22,12,0,0,12,5,44,949,1331,51,20 / 3,20 / 3,8.42,26.1,0,0
8808,Axar Patel,23,15,118,16.86,128.26,20,8,0,0,10,3,22,425,508,16,9 / 3,9 / 3,7.17,31.75,0,0
10744,Rishabh Pant,50,44,768,22.59,124.47,65,10,0,3,59,32,0,0,0,0,0,0,0.0,0.0,0,0
11158,Sandeep Lamichhane,35,13,37,6.17,82.22,16,7,0,0,1,1,35,803,827,66,20 / 4,20 / 4,6.18,12.53,0,0
9789,Shimron Hetmyer,42,35,666,21.48,118.72,81,4,0,3,43,32,0,0,0,0,0,0,0.0,0.0,0,0
1446,Shikhar Dhawan,68,66,1759,27.92,126.36,92,3,0,11,191,50,0,0,0,0,0,0,0.0,0.0,0,0
9200,Alex Carey,38,26,233,11.1,108.37,37,5,0,0,19,7,0,0,0,0,0,0,0.0,0.0,0,0
1593,Ravichandran Ashwin,51,11,123,30.75,106.96,31,7,0,0,14,1,51,1146,1298,61,8 / 4,8 / 4,6.8,21.28,0,0
8733,KL Rahul,56,52,1831,40.69,142.49,110,7,2,16,164,73,0,0,0,0,0,0,0.0,0.0,0,0
13217,Arshdeep Singh,1,1,2,0.0,200.0,2,1,0,0,0,0,1,21,18,2,18 / 2,18 / 2,5.14,9.0,0,0
9395,Sheldon Cottrell,41,10,18,4.5,62.07,4,6,0,0,2,0,40,853,1111,48,28 / 4,28 / 4,7.81,23.15,0,0
8925,Krishnappa Gowtham,0,0,0,0.0,0.0,0,0,0,0,0,0,0,0,0,0,0,0,0.0,0.0,0,0
9427,Deepak Hooda,6,4,205,68.33,172.27,104,1,1,0,19,11,1,18,24,0,24 / 0,24 / 0,8.0,0.0,0,0
9429,Sarfaraz khan,0,0,0,0.0,0.0,0,0,0,0,0,0,0,0,0,0,0,0,0.0,0.0,0,0
7662,Glenn Maxwell,87,79,2017,30.56,153.38,145,13,3,9,164,99,59,804,1001,36,10 / 3,10 / 3,7.47,27.81,0,0
12071,Mujeeb Ur Rahman,23,5,12,12.0,92.31,8,4,0,0,2,0,23,522,532,32,20 / 5,20 / 5,6.11,16.62,1,0
12779,Darshan Nalkande,0,0,0,0.0,0.0,0,0,0,0,0,0,0,0,0,0,0,0,0.0,0.0,0,0
9406,Nicholas Pooran,60,52,1302,29.59,130.99,74,8,0,9,94,75,0,0,0,0,0,0,0.0,0.0,0,0
14254,Prabhsimran Singh,0,0,0,0.0,0.0,0,0,0,0,0,0,0,0,0,0,0,0,0.0,0.0,0,0
10357,Jagadeesha Suchith,0,0,0,0.0,0.0,0,0,0,0,0,0,0,0,0,0,0,0,0.0,0.0,0,0
9493,Hardus Viljoen,0,0,0,0.0,0.0,0,0,0,0,0,0,0,0,0,0,0,0,0.0,0.0,0,0
14659,Ravi Bishnoi,6,1,2,2.0,100.0,2,0,0,0,0,0,6,144,179,7,17 / 2,17 / 2,7.46,25.57,0,0
11404,Ishan Porel,0,0,0,0.0,0.0,0,0,0,0,0,0,0,0,0,0,0,0,0.0,0.0,0,0
8983,James Neesham,40,31,446,22.3,152.74,48,11,0,0,34,26,31,405,615,23,16 / 3,16 / 3,9.11,26.74,0,0
8257,Karun Nair,0,0,0,0.0,0.0,0,0,0,0,0,0,0,0,0,0,0,0,0.0,0.0,0,0
7909,Mohammed Shami,17,2,0,0.0,0.0,0,2,0,0,0,0,17,357,568,18,15 / 3,15 / 3,9.55,31.56,0,0
6319,Mandeep Singh,3,3,87,43.5,119.18,52,1,0,1,11,1,0,0,0,0,0,0,0.0,0.0,0,0
6532,Chris Jordan,78,46,396,15.23,135.62,36,20,0,0,27,20,77,1631,2336,88,6 / 4,6 / 4,8.59,26.55,0,0
14452,Harpreet Brar,0,0,0,0.0,0.0,0,0,0,0,0,0,0,0,0,0,0,0,0.0,0.0,0,0
247,Chris Gayle,79,75,1899,27.93,137.51,117,7,2,14,158,124,30,381,440,20,15 / 2,15 / 2,6.93,22.0,0,0
8796,Murugan Ashwin,0,0,0,0.0,0.0,0,0,0,0,0,0,0,0,0,0,0,0,0.0,0.0,0,0
2195,Mayank Agarwal,0,0,0,0.0,0.0,0,0,0,0,0,0,0,0,0,0,0,0,0.0,0.0,0,0
624,Eoin Morgan,115,106,2458,28.58,136.18,91,20,0,14,186,120,0,0,0,0,0,0,0.0,0.0,0,0
8095,Pat Cummins,39,16,68,7.56,130.77,13,7,0,0,3,4,39,852,1002,44,15 / 3,15 / 3,7.06,22.77,0,0
10162,Chris Green,0,0,0,0.0,0.0,0,0,0,0,0,0,0,0,0,0,0,0,0.0,0.0,0,0
8292,Kuldeep Yadav,24,3,43,43.0,89.58,23,2,0,0,2,0,23,513,605,41,24 / 5,24 / 5,7.08,14.76,1,0
12092,Kamlesh Nagarkoti,0,0,0,0.0,0.0,0,0,0,0,0,0,0,0,0,0,0,0,0.0,0.0,0,0
2276,Sunil Narine,51,23,155,10.33,112.32,30,8,0,0,13,5,49,1102,1105,52,12 / 4,12 / 4,6.02,21.25,0,0
9204,Nitish Rana,2,2,15,7.5,55.56,9,0,0,0,0,0,0,0,0,0,0,0,0.0,0.0,0,0
8944,Sandeep Warrier,1,0,0,0.0,0.0,0,0,0,0,0,0,1,18,23,0,23 / 0,23 / 0,7.67,0.0,0,0
11808,Shubman Gill,0,0,0,0.0,0.0,0,0,0,0,0,0,0,0,0,0,0,0,0.0,0.0,0,0
10896,Rinku Singh,0,0,0,0.0,0.0,0,0,0,0,0,0,0,0,0,0,0,0,0.0,0.0,0,0
12926,Varun Chakravarthy,6,1,0,0.0,0.0,0,0,0,0,0,0,6,135,132,2,18 / 1,18 / 1,5.87,66.0,0,0
6496,Harry Gurney,2,0,0,0.0,0.0,0,0,0,0,0,0,2,48,55,3,26 / 2,26 / 2,6.88,18.33,0,0
9237,Pravin Tambe,0,0,0,0.0,0.0,0,0,0,0,0,0,0,0,0,0,0,0,0.0,0.0,0,0
11450,Ali Khan,3,0,0,0.0,0.0,0,0,0,0,0,0,3,62,85,2,30 / 2,30 / 2,8.23,42.5,0,0
9012,Rahul Tripathi,0,0,0,0.0,0.0,0,0,0,0,0,0,0,0,0,0,0,0,0.0,0.0,0,0
12345,Shivam Mavi,0,0,0,0.0,0.0,0,0,0,0,0,0,0,0,0,0,0,0,0.0,0.0,0,0
7736,Andre Russell,67,57,741,19.5,156.0,51,19,0,1,42,62,56,891,1364,39,43 / 3,43 / 3,9.19,34.97,0,0
10551,Prasidh Krishna,0,0,0,0.0,0.0,0,0,0,0,0,0,0,0,0,0,0,0,0.0,0.0,0,0
9295,Nikhil Naik,0,0,0,0.0,0.0,0,0,0,0,0,0,0,0,0,0,0,0,0.0,0.0,0,0
9218,"
Siddhesh Lad",0,0,0,0.0,0.0,0,0,0,0,0,0,0,0,0,0,0,0,0.0,0.0,0,0
145,Dinesh Karthik,42,35,525,29.17,141.13,55,17,0,1,58,19,0,0,0,0,0,0,0.0,0.0,0,0
10692,Lockie Ferguson,17,3,15,7.5,136.36,14,1,0,0,0,2,17,356,409,30,21 / 5,21 / 5,6.89,13.63,1,0
12254,Tom Banton,14,14,327,23.36,147.96,73,0,0,2,29,17,0,0,0,0,0,0,0.0,0.0,0,0
576,Rohit Sharma,128,120,3379,31.88,139.63,118,14,4,26,303,157,9,68,113,1,22 / 1,22 / 1,9.97,113.0,0,0
8117,"
Trent Boult",44,11,30,6.0,75.0,8,6,0,0,2,0,44,993,1345,62,34 / 4,34 / 4,8.13,21.69,0,0
12087,Rahul Chahar,6,1,5,5.0,100.0,5,0,0,0,1,0,6,132,167,7,15 / 3,15 / 3,7.59,23.86,0,0
8520,Quinton de Kock,64,63,1863,33.27,134.61,79,7,0,11,194,65,0,0,0,0,0,0,0.0,0.0,0,0
10276,Ishan Kishan,18,18,532,31.29,132.67,89,1,0,4,58,21,0,0,0,0,0,0,0.0,0.0,0,0
7752,Chris Lynn,18,16,291,19.4,131.67,44,1,0,0,28,14,0,0,0,0,0,0,0.0,0.0,0,0
3651,Mohsin Khan,0,0,0,0.0,0.0,0,0,0,0,0,0,0,0,0,0,0,0,0.0,0.0,0,0
9647,Hardik Pandya,63,44,770,24.06,147.23,51,12,0,1,54,42,54,935,1318,48,33 / 4,33 / 4,8.46,27.46,0,0
657,Kieron Pollard,101,83,1569,25.31,135.14,75,21,0,6,94,99,63,856,1188,42,25 / 4,25 / 4,8.33,28.29,0,0
12344,Anukul Roy,0,0,0,0.0,0.0,0,0,0,0,0,0,0,0,0,0,0,0,0.0,0.0,0,0
6315,Aditya Tare,0,0,0,0.0,0.0,0,0,0,0,0,0,0,0,0,0,0,0,0.0,0.0,0,0
8182,Jayant Yadav,0,0,0,0.0,0.0,0,0,0,0,0,0,0,0,0,0,0,0,0.0,0.0,0,0
7915,Suryakumar Yadav,19,17,537,38.36,177.23,117,3,1,4,54,29,0,0,0,0,0,0,0.0,0.0,0,0
1601,Saurabh Tiwary,0,0,0,0.0,0.0,0,0,0,0,0,0,0,0,0,0,0,0,0.0,0.0,0,0
13748,Sherfane Rutherford,6,4,43,10.75,119.44,26,0,0,0,1,3,2,36,49,1,21 / 1,21 / 1,8.17,49.0,0,0
2283,James Pattinson,4,2,5,0.0,166.67,5,2,0,0,1,0,4,78,104,3,17 / 2,17 / 2,8.0,34.67,0,0
11311,Krunal Pandya,19,10,124,24.8,130.53,26,5,0,0,8,6,19,410,554,15,36 / 4,36 / 4,8.11,36.93,0,0
1451,Dhawal Kulkarni,2,1,1,0.0,100.0,1,1,0,0,0,0,2,48,55,3,23 / 2,23 / 2,6.88,18.33,0,0
9311,Jasprit Bumrah,58,7,8,4.0,61.54,7,5,0,0,1,0,57,1247,1343,69,11 / 3,11 / 3,6.46,19.46,0,0
10947,Anmolpreet Singh,0,0,0,0.0,0.0,0,0,0,0,0,0,0,0,0,0,0,0,0.0,0.0,0,0
2250,Steven Smith,57,45,928,26.51,125.75,90,10,0,4,76,23,17,291,378,17,20 / 3,20 / 3,7.79,22.24,0,0
14696,Akash Singh,0,0,0,0.0,0.0,0,0,0,0,0,0,0,0,0,0,0,0,0.0,0.0,0,0
11540,Jofra Archer,12,2,19,19.0,190.0,18,1,0,0,2,1,12,282,371,14,33 / 4,33 / 4,7.89,26.5,0,0
9522,Tom Curran,30,13,64,10.67,114.29,14,7,0,0,1,4,29,588,907,29,36 / 4,36 / 4,9.26,31.28,0,0
13940,Yashasvi Jaiswal,0,0,0,0.0,0.0,0,0,0,0,0,0,0,0,0,0,0,0,0.0,0.0,0,0
13136,Kartik Tyagi,0,0,0,0.0,0.0,0,0,0,0,0,0,0,0,0,0,0,0,0.0,0.0,0,0
12627,Mayank Markande,1,0,0,0.0,0.0,0,0,0,0,0,0,1,24,31,0,31 / 0,31 / 0,7.75,0.0,0,0
12305,Riyan Parag,0,0,0,0.0,0.0,0,0,0,0,0,0,0,0,0,0,0,0,0.0,0.0,0,0
8271,Sanju Samson,14,13,251,19.31,135.68,77,0,0,1,19,12,0,0,0,0,0,0,0.0,0.0,0,0
6557,Ben Stokes,34,28,442,20.09,136.84,47,6,0,0,34,20,28,490,717,19,26 / 3,26 / 3,8.78,37.74,0,0
11442,Oshane Thomas,20,7,9,2.25,60.0,8,3,0,0,2,0,19,384,602,21,28 / 5,28 / 5,9.41,28.67,1,0
6327,"
Jaydev Unadkat",10,0,0,0.0,0.0,0,0,0,0,0,0,10,208,301,14,38 / 3,38 / 3,8.68,21.5,0,0
8358,Manan Vohra,0,0,0,0.0,0.0,0,0,0,0,0,0,0,0,0,0,0,0,0.0,0.0,0,0
527,Robin Uthappa,13,12,249,24.9,118.01,50,2,0,1,26,6,0,0,0,0,0,0,0.0,0.0,0,0
9617,Andrew Tye,32,15,83,10.38,109.21,20,7,0,0,5,4,31,683,997,47,23 / 4,23 / 4,8.76,21.21,0,0
9693,Rahul Tewatia,0,0,0,0.0,0.0,0,0,0,0,0,0,0,0,0,0,0,0,0.0,0.0,0,0
10919,Shashank Singh,0,0,0,0.0,0.0,0,0,0,0,0,0,0,0,0,0,0,0,0.0,0.0,0,0
8924,Ankit Rajpoot,0,0,0,0.0,0.0,0,0,0,0,0,0,0,0,0,0,0,0,0.0,0.0,0,0
6349,David Miller,100,87,1882,32.45,141.72,101,29,1,5,124,86,0,0,0,0,0,0,0.0,0.0,0,0
10954,Mahipal Lomror,0,0,0,0.0,0.0,0,0,0,0,0,0,0,0,0,0,0,0,0.0,0.0,0,0
9746,Shreyas Gopal,0,0,0,0.0,0.0,0,0,0,0,0,0,0,0,0,0,0,0,0.0,0.0,0,0
2258,Jos Buttler,91,83,2162,33.26,141.21,101,18,1,15,186,91,0,0,0,0,0,0,0.0,0.0,0,0
13135,Anuj Rawat,0,0,0,0.0,0.0,0,0,0,0,0,0,0,0,0,0,0,0,0.0,0.0,0,0
6293,Varun Aaron,0,0,0,0.0,0.0,0,0,0,0,0,0,0,0,0,0,0,0,0.0,0.0,0,0
1413,Virat Kohli,99,91,3308,50.12,137.66,94,25,0,30,299,93,12,146,198,4,13 / 1,13 / 1,8.14,49.5,0,0
7910,Yuzvendra Chahal,62,4,5,2.5,45.45,3,2,0,0,0,0,61,1402,1892,79,25 / 6,25 / 6,8.1,23.95,1,0
1643,Aaron Finch,92,92,2855,35.25,145.29,172,11,2,17,286,117,2,12,27,0,9 / 0,9 / 0,13.5,0.0,0,0
10808,Mohammed Siraj,5,0,0,0.0,0.0,0,0,0,0,0,0,5,120,209,5,22 / 1,22 / 1,10.45,41.8,0,0
8281,Pawan Negi,1,0,0,0.0,0.0,0,0,0,0,0,0,1,18,16,1,16 / 1,16 / 1,5.33,16.0,0,0
74,Parthiv Patel,2,2,36,18.0,112.5,26,0,0,0,4,1,0,0,0,0,0,0,0.0,0.0,0,0
9715,Navdeep Saini,11,3,12,0.0,109.09,11,3,0,0,2,0,9,197,235,13,17 / 3,17 / 3,7.16,18.08,0,0
508,Dale Steyn,47,12,21,3.5,80.77,5,6,0,0,2,0,47,1015,1175,64,9 / 4,9 / 4,6.95,18.36,0,0
10945,Washington Sundar,31,11,47,6.71,146.88,14,4,0,0,4,3,30,621,750,25,22 / 3,22 / 3,7.25,30.0,0,0
8642,Adam Zampa,62,14,47,6.71,85.45,13,7,0,0,4,0,61,1331,1507,71,19 / 5,19 / 5,6.79,21.23,1,0
1858,Umesh Yadav,7,1,2,2.0,50.0,2,0,0,0,0,0,7,150,219,9,19 / 2,19 / 2,8.76,24.33,0,0
1920,Isuru Udana,35,25,256,18.29,137.63,84,11,0,1,16,14,32,631,915,27,11 / 3,11 / 3,8.7,33.89,0,0
14606,Shahbaz Ahmed,0,0,0,0.0,0.0,0,0,0,0,0,0,0,0,0,0,0,0,0.0,0.0,0,0
13172,Josh Philippe,10,10,138,13.8,109.52,45,0,0,0,8,5,0,0,0,0,0,0,0.0,0.0,0,0
13088,Devdutt Padikkal,2,2,38,19.0,100.0,29,0,0,0,2,1,0,0,0,0,0,0,0.0,0.0,0,0
8333,Chris Morris,23,13,133,14.78,130.39,55,4,0,1,12,5,23,498,697,34,27 / 4,27 / 4,8.4,20.5,0,0
8298,Gurkeerat Singh Mann,0,0,0,0.0,0.0,0,0,0,0,0,0,0,0,0,0,0,0,0.0,0.0,0,0
11195,Shivam Dube,13,9,105,17.5,136.36,54,3,0,1,7,6,11,129,216,5,30 / 3,30 / 3,10.05,43.2,0,0
370,AB de Villiers,78,75,1672,26.12,135.17,79,11,0,10,140,60,0,0,0,0,0,0,0.0,0.0,0,0
6692,Moeen Ali,52,47,708,19.14,139.64,72,10,0,4,57,36,45,685,934,36,24 / 3,24 / 3,8.18,25.94,0,0
1739,David Warner,91,91,2684,33.55,140.89,100,11,1,22,269,100,0,0,0,0,0,0,0.0,0.0,0,0
12086,Abhishek Sharma,0,0,0,0.0,0.0,0,0,0,0,0,0,0,0,0,0,0,0,0.0,0.0,0,0
9785,Fabian Allen,34,24,267,16.69,136.92,34,8,0,0,15,21,29,521,646,24,18 / 2,18 / 2,7.44,26.92,0,0
10267,Basil Thampi,0,0,0,0.0,0.0,0,0,0,0,0,0,0,0,0,0,0,0,0.0,0.0,0,0
1807,Shreevats Goswami,0,0,0,0.0,0.0,0,0,0,0,0,0,0,0,0,0,0,0,0.0,0.0,0,0
1828,Siddarth Kaul,3,0,0,0.0,0.0,0,0,0,0,0,0,3,58,84,4,35 / 2,35 / 2,8.69,21.0,0,0
7906,Shahbaz Nadeem,0,0,0,0.0,0.0,0,0,0,0,0,0,0,0,0,0,0,0,0.0,0.0,0,0
1836,Manish Pandey,39,33,709,44.31,126.16,79,17,0,3,49,19,0,0,0,0,0,0,0.0,0.0,0,0
10738,Rashid Khan,61,31,187,11.0,116.88,33,14,0,0,11,11,61,1388,1418,109,3 / 5,3 / 5,6.13,13.01,2,0
11631,Sanjay Yadav,0,0,0,0.0,0.0,0,0,0,0,0,0,0,0,0,0,0,0,0.0,0.0,0,0
9572,Billy Stanlake,19,2,9,9.0,75.0,7,1,0,0,0,1,19,420,544,27,8 / 4,8 / 4,7.77,20.15,0,0
6326,Kane Williamson,74,72,2021,32.6,123.84,95,10,0,14,202,46,12,118,164,6,16 / 2,16 / 2,8.34,27.33,0,0
10213,Virat Singh,0,0,0,0.0,0.0,0,0,0,0,0,0,0,0,0,0,0,0,0.0,0.0,0,0
8204,Vijay Shankar,9,4,101,25.25,138.36,43,0,0,0,11,5,6,126,191,5,32 / 2,32 / 2,9.1,38.2,0,0
8356,Sandeep Sharma,2,1,1,0.0,100.0,1,1,0,0,0,0,2,42,73,1,39 / 1,39 / 1,10.43,73.0,0,0
1465,Wriddhiman Saha,0,0,0,0.0,0.0,0,0,0,0,0,0,0,0,0,0,0,0,0.0,0.0,0,0
13113,Prithvi Raj,0,0,0,0.0,0.0,0,0,0,0,0,0,0,0,0,0,0,0,0.0,0.0,0,0
10225,T Natarajan,4,0,0,0.0,0.0,0,0,0,0,0,0,4,96,122,7,30 / 3,30 / 3,7.62,17.43,0,0
3007,Mohammad Nabi,90,83,1606,23.97,142.25,89,16,0,4,106,89,88,1744,2107,76,10 / 4,10 / 4,7.25,27.72,0,0
8313,Jason Holder,37,24,264,16.5,121.1,36,8,0,0,14,16,34,742,1008,39,27 / 5,27 / 5,8.15,25.85,1,0
12089,Priyam Garg,0,0,0,0.0,0.0,0,0,0,0,0,0,0,0,0,0,0,0,0.0,0.0,0,0
6507,Jonny Bairstow,63,57,1190,26.44,135.84,86,12,0,7,111,49,0,0,0,0,0,0,0.0,0.0,0,0
10952,Khaleel Ahmed,14,1,1,0.0,100.0,1,1,0,0,0,0,14,312,459,13,27 / 2,27 / 2,8.83,35.31,0,0
14628,Abdul Samad,0,0,0,0.0,0.0,0,0,0,0,0,0,0,0,0,0,0,0,0.0,0.0,0,0
1448,Cheteshwar Pujara,0,0,0,0.0,0.0,0,0,0,0,0,0,0,0,0,0,0,0,0.0,0.0,0,0
9244,Lukman Hussain Meriwala,0,0,0,0.0,0.0,0,0,0,0,0,0,0,0,0,0,0,0,0.0,0.0,0,0
7990,Sam Billings,37,33,478,17.07,129.89,87,5,0,2,41,16,0,0,0,0,0,0,0.0,0.0,0,0
11893,Vishnu Vinod,0,0,0,0.0,0.0,0,0,0,0,0,0,0,0,0,0,0,0,0.0,0.0,0,0
9443,Tim Seifert,40,37,753,23.53,129.83,84,5,0,5,63,37,0,0,0,0,0,0,0.0,0.0,0,0
544,Shakib al Hasan,99,97,2010,23.1,120.94,84,10,0,10,201,43,97,2163,2413,121,20 / 5,20 / 5,6.69,19.94,1,0
8846,Sheldon Jackson,0,0,0,0.0,0.0,0,0,0,0,0,0,0,0,0,0,0,0,0.0,0.0,0,0
15861,Vaibhav Arora,0,0,0,0.0,0.0,0,0,0,0,0,0,0,0,0,0,0,0,0.0,0.0,0,0
8118,Ben Cutting,7,5,40,10.0,148.15,29,1,0,0,2,3,7,126,215,3,18 / 1,18 / 1,10.24,71.67,0,0
10917,Venkatesh Iyer,9,7,133,33.25,162.2,35,3,0,0,15,5,4,55,75,5,23 / 2,23 / 2,8.18,15.0,0,0
7625,Adam Milne,31,10,33,33.0,100.0,10,9,0,0,1,1,31,653,854,32,37 / 4,37 / 4,7.85,26.69,0,0
14565,Marco Jansen,1,1,12,12.0,70.59,12,0,0,0,1,1,1,24,38,1,38 / 1,38 / 1,9.5,38.0,0,0
6660,Dawid Malan,39,38,1356,41.09,138.23,103,5,1,12,140,46,1,12,27,1,27 / 1,27 / 1,13.5,27.0,0,0
10280,Jhye Richardson,18,8,45,15.0,88.24,11,5,0,0,3,1,18,396,556,19,26 / 3,26 / 3,8.42,29.26,0,0
10226,Shahrukh Khan,0,0,0,0.0,0.0,0,0,0,0,0,0,0,0,0,0,0,0,0.0,0.0,0,0
12226,Riley Meredith,5,0,0,0.0,0.0,0,0,0,0,0,0,5,113,188,8,48 / 3,48 / 3,9.98,23.5,0,0
1437,Moises Henriques,24,21,355,20.88,124.56,62,4,0,2,17,15,10,138,194,7,22 / 3,22 / 3,8.43,27.71,0,0
8107,Jalaj Saxena,0,0,0,0.0,0.0,0,0,0,0,0,0,0,0,0,0,0,0,0.0,0.0,0,0
15480,Nathan Ellis,3,1,1,1.0,14.29,1,0,0,0,0,0,3,72,78,9,28 / 4,28 / 4,6.5,8.67,0,0
9863,Mustafizur Rahim,66,22,59,3.93,69.41,15,7,0,0,3,3,65,1390,1774,87,22 / 5,22 / 5,7.66,20.39,1,0
9863,Mustafizur Rahim,66,22,59,3.93,69.41,15,7,0,0,3,3,65,1390,1774,87,22 / 5,22 / 5,7.66,20.39,1,0
9863,Mustafizur Rahim,66,22,59,3.93,69.41,15,7,0,0,3,3,65,1390,1774,87,22 / 5,22 / 5,7.66,20.39,1,0
9863,Mustafizur Rahim,66,22,59,3.93,69.41,15,7,0,0,3,3,65,1390,1774,87,22 / 5,22 / 5,7.66,20.39,1,0
9863,Mustafizur Rahim,66,22,59,3.93,69.41,15,7,0,0,3,3,65,1390,1774,87,22 / 5,22 / 5,7.66,20.39,1,0
9863,Mustafizur Rahim,66,22,59,3.93,69.41,15,7,0,0,3,3,65,1390,1774,87,22 / 5,22 / 5,7.66,20.39,1,0
9863,Mustafizur Rahim,66,22,59,3.93,69.41,15,7,0,0,3,3,65,1390,1774,87,22 / 5,22 / 5,7.66,20.39,1,0
9863,Mustafizur Rahim,66,22,59,3.93,69.41,15,7,0,0,3,3,65,1390,1774,87,22 / 5,22 / 5,7.66,20.39,1,0
9863,Mustafizur Rahman,66,22,59,3.93,69.41,15,7,0,0,3,3,65,1390,1774,87,22 / 5,22 / 5,7.66,20.39,1,0
9863,Mustafizur Rahman,66,22,59,3.93,69.41,15,7,0,0,3,3,65,1390,1774,87,22 / 5,22 / 5,7.66,20.39,1,0
9863,Mustafizur Rahman,66,22,59,3.93,69.41,15,7,0,0,3,3,65,1390,1774,87,22 / 5,22 / 5,7.66,20.39,1,0
9863,Mustafizur Rahman,66,22,59,3.93,69.41,15,7,0,0,3,3,65,1390,1774,87,22 / 5,22 / 5,7.66,20.39,1,0
9863,Mustafizur Rahman,66,22,59,3.93,69.41,15,7,0,0,3,3,65,1390,1774,87,22 / 5,22 / 5,7.66,20.39,1,0
9863,Mustafizur Rahman,66,22,59,3.93,69.41,15,7,0,0,3,3,65,1390,1774,87,22 / 5,22 / 5,7.66,20.39,1,0
9863,Mustafizur Rahman,66,22,59,3.93,69.41,15,7,0,0,3,3,65,1390,1774,87,22 / 5,22 / 5,7.66,20.39,1,0
9863,Mustafizur Rahman,66,22,59,3.93,69.41,15,7,0,0,3,3,65,1390,1774,87,22 / 5,22 / 5,7.66,20.39,1,0
13494,Chetan Sakariya,2,1,5,0.0,55.56,5,1,0,0,0,0,1,22,34,1,34 / 1,34 / 1,9.27,34.0,0,0
10045,Liam Livingstone,20,16,342,24.43,154.75,103,2,1,0,17,24,15,228,309,12,15 / 2,15 / 2,8.13,25.75,0,0
13537,Kuldip Yadav,0,0,0,0.0,0.0,0,0,0,0,0,0,0,0,0,0,0,0,0.0,0.0,0,0
10693,Glenn Phillips,37,32,736,28.31,139.39,108,6,1,3,52,39,5,51,68,2,11 / 1,11 / 1,8.0,34.0,0,0
8709,Sachin Baby,0,0,0,0.0,0.0,0,0,0,0,0,0,0,0,0,0,0,0,0.0,0.0,0,0
10636,Rajat Patidar,0,0,0,0.0,0.0,0,0,0,0,0,0,0,0,0,0,0,0,0.0,0.0,0,0
9441,Kyle Jamieson,8,4,41,20.5,151.85,30,2,0,0,7,0,8,172,281,4,15 / 2,15 / 2,9.8,70.25,0,0
12669,Suyesh Prabhudessai,0,0,0,0.0,0.0,0,0,0,0,0,0,0,0,0,0,0,0,0.0,0.0,0,0
12669,Suyesh Prabhudessai,0,0,0,0.0,0.0,0,0,0,0,0,0,0,0,0,0,0,0,0.0,0.0,0,0
12669,Suyesh Prabhudessai,0,0,0,0.0,0.0,0,0,0,0,0,0,0,0,0,0,0,0,0.0,0.0,0,0
12669,Suyesh Prabhudessai,0,0,0,0.0,0.0,0,0,0,0,0,0,0,0,0,0,0,0,0.0,0.0,0,0
12669,Suyesh Prabhudessai,0,0,0,0.0,0.0,0,0,0,0,0,0,0,0,0,0,0,0,0.0,0.0,0,0
12669,Suyesh Prabhudessai,0,0,0,0.0,0.0,0,0,0,0,0,0,0,0,0,0,0,0,0.0,0.0,0,0
12669,Suyesh Prabhudessai,0,0,0,0.0,0.0,0,0,0,0,0,0,0,0,0,0,0,0,0.0,0.0,0,0
12669,Suyesh Prabhudessai,0,0,0,0.0,0.0,0,0,0,0,0,0,0,0,0,0,0,0,0.0,0.0,0,0
12669,Suyash Prabhudessai,0,0,0,0.0,0.0,0,0,0,0,0,0,0,0,0,0,0,0,0.0,0.0,0,0
12669,Suyash Prabhudessai,0,0,0,0.0,0.0,0,0,0,0,0,0,0,0,0,0,0,0,0.0,0.0,0,0
12669,Suyash Prabhudessai,0,0,0,0.0,0.0,0,0,0,0,0,0,0,0,0,0,0,0,0.0,0.0,0,0
12669,Suyash Prabhudessai,0,0,0,0.0,0.0,0,0,0,0,0,0,0,0,0,0,0,0,0.0,0.0,0,0
12669,Suyash Prabhudessai,0,0,0,0.0,0.0,0,0,0,0,0,0,0,0,0,0,0,0,0.0,0.0,0,0
12669,Suyash Prabhudessai,0,0,0,0.0,0.0,0,0,0,0,0,0,0,0,0,0,0,0,0.0,0.0,0,0
12669,Suyash Prabhudessai,0,0,0,0.0,0.0,0,0,0,0,0,0,0,0,0,0,0,0,0.0,0.0,0,0
12669,Suyash Prabhudessai,0,0,0,0.0,0.0,0,0,0,0,0,0,0,0,0,0,0,0,0.0,0.0,0,0
13169,Tim David,11,11,429,47.67,157.72,92,2,0,3,36,22,11,164,255,5,18 / 1,18 / 1,9.33,51.0,0,0
8393,Dushmantha Chameera,50,25,86,6.14,90.53,24,11,0,0,8,1,50,1071,1453,48,17 / 4,17 / 4,8.14,30.27,0,0
10926,Wanindu Hasaranga,38,32,382,14.69,120.89,71,6,0,1,40,2,36,796,877,62,9 / 4,9 / 4,6.61,14.15,0,0
1726,Bhuvneshwar Kumar,68,16,61,10.17,74.39,16,10,0,0,0,0,67,1415,1632,70,24 / 5,24 / 5,6.92,23.31,1,0
13866,Sai Sudharshan,0,0,0,0.0,0.0,0,0,0,0,0,0,0,0,0,0,0,0,0.0,0.0,0,0
13213,Rahmanullah Gurbaz,22,22,568,25.82,132.71,87,0,0,3,42,35,0,0,0,0,0,0,0.0,0.0,0,0
1649,Matthew Wade,63,47,828,23.0,128.57,80,11,0,3,61,32,0,0,0,0,0,0,0.0,0.0,0,0
14172,Yash Dayal,0,0,0,0.0,0.0,0,0,0,0,0,0,0,0,0,0,0,0,0.0,0.0,0,0
1472,Pradeep Sangwan,0,0,0,0.0,0.0,0,0,0,0,0,0,0,0,0,0,0,0,0.0,0.0,0,0
11220,Alzarri Joseph,0,0,0,0.0,0.0,0,0,0,0,0,0,0,0,0,0,0,0,0.0,0.0,0,0
15452,Noor Ahmad,1,1,4,0.0,50.0,4,1,0,0,0,0,1,24,10,4,10 / 4,10 / 4,2.5,2.5,0,0
13750,Dominic Drakes,6,3,9,3.0,90.0,5,0,0,0,2,0,6,102,183,3,37 / 1,37 / 1,10.76,61.0,0,0
9838,Devon Conway,20,17,602,50.17,139.35,99,5,0,4,62,15,0,0,0,0,0,0,0.0,0.0,0,0
18504,Maheesh Theekshana,18,7,20,5.0,117.65,7,3,0,0,1,1,18,408,438,16,17 / 3,17 / 3,6.44,27.38,0,0
16458,Matheesha Pathirana,0,0,0,0.0,0.0,0,0,0,0,0,0,0,0,0,0,0,0,0.0,0.0,0,0
13184,Mukesh Choudhary,0,0,0,0.0,0.0,0,0,0,0,0,0,0,0,0,0,0,0,0.0,0.0,0,0
12805,Prashant Solanki,0,0,0,0.0,0.0,0,0,0,0,0,0,0,0,0,0,0,0,0.0,0.0,0,0
8651,Dwaine Pretorius,27,15,223,20.27,153.79,77,4,0,1,17,13,24,436,593,28,17 / 5,17 / 5,8.16,21.18,1,0
11445,Rovman Powell,42,33,685,26.35,141.82,107,7,1,4,43,43,7,84,123,4,31 / 2,31 / 2,8.79,30.75,0,0
6250,Mitchell Marsh	,38,36,896,30.9,125.31,77,7,0,6,72,35,22,258,334,15,24 / 3,24 / 3,7.77,22.27,0,0
12813,Abhijeet Tomar,0,0,0,0.0,0.0,0,0,0,0,0,0,0,0,0,0,0,0,0.0,0.0,0,0
9624,Baba Indrajith,0,0,0,0.0,0.0,0,0,0,0,0,0,0,0,0,0,0,0,0.0,0.0,0,0
1057,Tim Southee,91,36,249,11.32,142.29,39,14,0,0,16,16,89,1973,2694,111,18 / 5,18 / 5,8.19,24.27,1,0
9500,Chamika Karunaratne,25,21,159,14.45,110.42,24,10,0,0,6,8,23,395,513,11,22 / 2,22 / 2,7.79,46.64,0,0
8579,Evin Lewis,50,49,1423,30.28,155.52,125,2,2,10,106,110,0,0,0,0,0,0,0.0,0.0,0,0
8440,Kyle Mayers,10,9,214,26.75,146.58,55,1,0,1,19,14,2,18,24,0,10 / 0,10 / 0,8.0,0.0,0,0
18738,Karan Sharma,0,0,0,0.0,0.0,0,0,0,0,0,0,0,0,0,0,0,0,0.0,0.0,0,0
13907,Ayush Badoni,0,0,0,0.0,0.0,0,0,0,0,0,0,0,0,0,0,0,0,0.0,0.0,0,0
14504,Tilak Varma,0,0,0,0.0,0.0,0,0,0,0,0,0,0,0,0,0,0,0,0.0,0.0,0,0
12337,Ramandeep Singh,0,0,0,0.0,0.0,0,0,0,0,0,0,0,0,0,0,0,0,0.0,0.0,0,0
20538,Dewald Brevis,0,0,0,0.0,0.0,0,0,0,0,0,0,0,0,0,0,0,0,0.0,0.0,0,0
14190,Kumar Kartikeya Singh,0,0,0,0.0,0.0,0,0,0,0,0,0,0,0,0,0,0,0,0.0,0.0,0,0
7860,Tymal Mills,13,5,8,2.67,72.73,7,2,0,0,0,1,13,268,374,12,27 / 3,27 / 3,8.37,31.17,0,0
14595,Hrithik Shokeen,0,0,0,0.0,0.0,0,0,0,0,0,0,0,0,0,0,0,0,0.0,0.0,0,0
11054,Prerak Mankad,0,0,0,0.0,0.0,0,0,0,0,0,0,0,0,0,0,0,0,0.0,0.0,0,0
7869,Bhanuka Rajapaksa,21,18,350,23.33,134.62,77,3,0,2,27,19,0,0,0,0,0,0,0.0,0.0,0,0
10214,Jitesh Sharma,0,0,0,0.0,0.0,0,0,0,0,0,0,0,0,0,0,0,0,0.0,0.0,0,0
11215,Odean Smith,13,7,66,11.0,157.14,24,1,0,0,4,5,12,198,366,10,24 / 2,24 / 2,11.09,36.6,0,0
22601,Raj Bawa	,0,0,0,0.0,0.0,0,0,0,0,0,0,0,0,0,0,0,0,0.0,0.0,0,0
8616,Rishi Dhawan,1,1,1,0.0,50.0,1,1,0,0,0,0,1,24,42,1,42 / 1,42 / 1,10.5,42.0,0,0
9554,Rassie van der Dussen,39,35,1030,38.15,130.38,94,8,0,7,64,45,0,0,0,0,0,0,0.0,0.0,0,0
14336,Kuldeep Sen,0,0,0,0.0,0.0,0,0,0,0,0,0,0,0,0,0,0,0,0.0,0.0,0,0
11221,Obed McCoy,16,6,36,9.0,138.46,23,2,0,0,3,3,15,312,402,22,22 / 4,22 / 4,7.73,18.27,0,0
12639,Tejas Baroka,0,0,0,0.0,0.0,0,0,0,0,0,0,0,0,0,0,0,0,0.0,0.0,0,0
10353,KC Cariappa,0,0,0,0.0,0.0,0,0,0,0,0,0,0,0,0,0,0,0,0.0,0.0,0,0
10713,Daryl Mitchell,27,25,411,20.55,132.15,72,5,0,1,35,14,8,77,136,6,27 / 2,27 / 2,10.6,22.67,0,0
11172,Finn Allen ,8,8,192,24.0,176.15,71,0,0,1,23,10,0,0,0,0,0,0,0.0,0.0,0,0
14726,Akash Deep,0,0,0,0.0,0.0,0,0,0,0,0,0,0,0,0,0,0,0,0.0,0.0,0,0
6592,David Willey,34,22,215,16.54,135.22,33,9,0,0,13,13,34,683,929,40,7 / 4,7 / 4,8.16,23.23,0,0
9582,Aiden Markram,20,18,588,39.2,147.0,70,3,0,6,45,28,8,108,134,5,21 / 3,21 / 3,7.44,26.8,0,0
19027,Umran Malik,3,0,0,0.0,0.0,0,0,0,0,0,0,3,54,112,2,42 / 1,42 / 1,12.44,56.0,0,0
13646,Romario Shepherd,20,7,149,37.25,150.51,44,3,0,0,6,13,17,323,571,20,21 / 3,21 / 3,10.61,28.55,0,0
8136,Sean Abbott,8,3,17,8.5,100.0,12,1,0,0,1,1,8,132,178,5,14 / 2,14 / 2,8.09,35.6,0,0
